{
      "doc":{
       "dynamic_templates": [
          {
            "string_fields": {
              "mapping": {
                "index": "true",
                "type": "text",
                "fields": {
                  "raw": {
                    "ignore_above": 256,
                    "index": "false",
                    "type": "keyword"
                  }
                }
              },
              "match": "*",
              "match_mapping_type": "string"
            }
          },
          {
            "string_fields": {
              "mapping": {
                "index": "false"
              },
              "path_match": "object.attributes.*"
            }
          }
        ]
        
}}
