{  
  "ifac_equipment": {
        "dynamic_templates": [
          {
            "string_fields": {
              "mapping": {
                "index": "analyzed",
                "omit_norms": true,
                "type": "string",
                "fields": {
                  "raw": {
                    "ignore_above": 256,
                    "index": "not_analyzed",
                    "type": "string"
                  }
                }
              },
              "match": "*",
              "match_mapping_type": "string"
            }
          },
          {
            "string_fields": {
              "mapping": {
                "index": "no",
                "omit_norms": true
              },
              "path_match": "object.attributes.*"
            }
          }
        ],
        "properties": {
          "assetId": {
            "type": "long"
          },
          "key": {
            "type": "string",
            "norms": {
              "enabled": false
            },
            "fields": {
              "raw": {
                "type": "string",
                "index": "not_analyzed",
                "ignore_above": 256
              }
            }
          },
          "latlong": {
            "type": "geo_point"
          },
          "object": {
            "properties": {
              "apicodNbr": {
                "type": "long"
              },
              "assetDesc": {
                "type": "string",
                "norms": {
                  "enabled": false
                },
                "fields": {
                  "raw": {
                    "type": "string",
                    "index": "not_analyzed",
                    "ignore_above": 256
                  }
                },
                "analyzer": "special_char_analyzer"
              },
              "assetId": {
                "type": "long"
              },
              "assetUuid": {
                "type": "string",
                "norms": {
                  "enabled": false
                },
                "fields": {
                  "raw": {
                    "type": "string",
                    "index": "not_analyzed",
                    "ignore_above": 256
                  }
                }
              },
              "assignmentUuid": {
                "type": "string",
                "norms": {
                  "enabled": false
                },
                "fields": {
                  "raw": {
                    "type": "string",
                    "index": "not_analyzed",
                    "ignore_above": 256
                  }
                }
              },
              "assocFacilityId": {
                "type": "long"
              },
              "assocUnitFacilityId": {
                "type": "long"
              },
              "assocWellId": {
                "type": "long"
              },
              "attributes": {
                "properties": {
                  "assetDateValue": {
                    "type": "date",
                    "index": "no",
                    "format": "strict_date_optional_time||epoch_millis"
                  },
                  "assetDesc": {
                    "type": "string",
                    "norms": {
                      "enabled": false
                    },
                    "fields": {
                      "raw": {
                        "type": "string",
                        "index": "not_analyzed",
                        "ignore_above": 256
                      }
                    }
                  },
                  "assetId": {
                    "type": "long",
                    "index": "no"
                  },
                  "assetNumberValue": {
                    "type": "double",
                    "index": "no"
                  },
                  "assetShortTextValue": {
                    "type": "string",
                    "index": "no",
                    "norms": {
                      "enabled": false
                    }
                  },
                  "assetUuid": {
                    "type": "string",
                    "norms": {
                      "enabled": false
                    },
                    "fields": {
                      "raw": {
                        "type": "string",
                        "index": "not_analyzed",
                        "ignore_above": 256
                      }
                    }
                  },
                  "assetValueListEntryDesc": {
                    "type": "string",
                    "index": "no",
                    "norms": {
                      "enabled": false
                    }
                  },
                  "assetValueListEntryId": {
                    "type": "long",
                    "index": "no"
                  },
                  "attributeGrouping": {
                    "type": "string",
                    "norms": {
                      "enabled": false
                    },
                    "fields": {
                      "raw": {
                        "type": "string",
                        "index": "not_analyzed",
                        "ignore_above": 256
                      }
                    }
                  },
                  "attributeId": {
                    "type": "long",
                    "index": "no"
                  },
                  "attributeLevel": {
                    "type": "string",
                    "norms": {
                      "enabled": false
                    },
                    "fields": {
                      "raw": {
                        "type": "string",
                        "index": "not_analyzed",
                        "ignore_above": 256
                      }
                    }
                  },
                  "attributeName": {
                    "type": "string",
                    "norms": {
                      "enabled": false
                    },
                    "fields": {
                      "raw": {
                        "type": "string",
                        "index": "not_analyzed",
                        "ignore_above": 256
                      }
                    }
                  },
                  "barcode": {
                    "type": "string",
                    "index": "no",
                    "norms": {
                      "enabled": false
                    }
                  },
                  "categoryId": {
                    "type": "long",
                    "index": "no"
                  },
                  "categoryName": {
                    "type": "string",
                    "norms": {
                      "enabled": false
                    },
                    "fields": {
                      "raw": {
                        "type": "string",
                        "index": "not_analyzed",
                        "ignore_above": 256
                      }
                    }
                  },
                  "divisionId": {
                    "type": "long",
                    "index": "no"
                  },
                  "equipmentId": {
                    "type": "long",
                    "index": "no"
                  },
                  "facilityId": {
                    "type": "long",
                    "index": "no"
                  },
                  "isActive": {
                    "type": "boolean",
                    "index": "no"
                  },
                  "isOverridable": {
                    "type": "boolean",
                    "index": "no"
                  },
                  "itemId": {
                    "type": "long",
                    "index": "no"
                  },
                  "itemNumberValue": {
                    "type": "long",
                    "index": "no"
                  },
                  "itemShortTextValue": {
                    "type": "string",
                    "norms": {
                      "enabled": false
                    },
                    "fields": {
                      "raw": {
                        "type": "string",
                        "index": "not_analyzed",
                        "ignore_above": 256
                      }
                    }
                  },
                  "itemValueListEntryDesc": {
                    "type": "string",
                    "norms": {
                      "enabled": false
                    },
                    "fields": {
                      "raw": {
                        "type": "string",
                        "index": "not_analyzed",
                        "ignore_above": 256
                      }
                    }
                  },
                  "itemValueListEntryId": {
                    "type": "long",
                    "index": "no"
                  },
                  "latlong": {
                    "type": "geo_point"
                  },
                  "propertyId": {
                    "type": "string",
                    "norms": {
                      "enabled": false
                    },
                    "fields": {
                      "raw": {
                        "type": "string",
                        "index": "not_analyzed",
                        "ignore_above": 256
                      }
                    }
                  },
                  "propertyName": {
                    "type": "string",
                    "norms": {
                      "enabled": false
                    },
                    "fields": {
                      "raw": {
                        "type": "string",
                        "index": "not_analyzed",
                        "ignore_above": 256
                      }
                    }
                  },
                  "serialNumber": {
                    "type": "string",
                    "norms": {
                      "enabled": false
                    },
                    "fields": {
                      "raw": {
                        "type": "string",
                        "index": "not_analyzed",
                        "ignore_above": 256
                      }
                    }
                  },
                  "sortOrder": {
                    "type": "long",
                    "index": "no"
                  },
                  "startDate": {
                    "type": "date",
                    "index": "no",
                    "format": "strict_date_optional_time||epoch_millis"
                  },
                  "uiControlCode": {
                    "type": "string",
                    "norms": {
                      "enabled": false
                    },
                    "fields": {
                      "raw": {
                        "type": "string",
                        "index": "not_analyzed",
                        "ignore_above": 256
                      }
                    }
                  },
                  "updateTs": {
                    "type": "date",
                    "index": "no",
                    "format": "strict_date_optional_time||epoch_millis"
                  },
                  "updateUserId": {
                    "type": "long",
                    "index": "no"
                  },
                  "userName": {
                    "type": "string",
                    "norms": {
                      "enabled": false
                    },
                    "fields": {
                      "raw": {
                        "type": "string",
                        "index": "not_analyzed",
                        "ignore_above": 256
                      }
                    }
                  },
                  "valueListId": {
                    "type": "long",
                    "index": "no"
                  }
                }
              },
              "barcode": {
                "type": "string"
              },
              "blueWellFl": {
                "type": "string",
                "norms": {
                  "enabled": false
                },
                "fields": {
                  "raw": {
                    "type": "string",
                    "index": "not_analyzed",
                    "ignore_above": 256
                  }
                }
              },
              "categoryId": {
                "type": "long"
              },
              "categoryName": {
                "type": "string",
                "norms": {
                  "enabled": false
                },
                "fields": {
                  "raw": {
                    "type": "string",
                    "index": "not_analyzed",
                    "ignore_above": 256
                  }
                }
              },
              "comments": {
                "type": "string"
              },
              "conditionCode": {
                "type": "string",
                "norms": {
                  "enabled": false
                },
                "fields": {
                  "raw": {
                    "type": "string",
                    "index": "not_analyzed",
                    "ignore_above": 256
                  }
                }
              },
              "countyName": {
                "type": "string",
                "norms": {
                  "enabled": false
                },
                "fields": {
                  "raw": {
                    "type": "string",
                    "index": "not_analyzed",
                    "ignore_above": 256
                  }
                }
              },
              "divisionId": {
                "type": "long"
              },
              "divisionName": {
                "type": "string",
                "norms": {
                  "enabled": false
                },
                "fields": {
                  "raw": {
                    "type": "string",
                    "index": "not_analyzed",
                    "ignore_above": 256
                  }
                }
              },
              "ecEntityColor": {
                "type": "string",
                "norms": {
                  "enabled": false
                },
                "fields": {
                  "raw": {
                    "type": "string",
                    "index": "not_analyzed",
                    "ignore_above": 256
                  }
                }
              },
              "endDate": {
                "type": "date",
                "format": "strict_date_optional_time||epoch_millis"
              },
              "equipSubTypeName": {
                "type": "string",
                "norms": {
                  "enabled": false
                },
                "fields": {
                  "raw": {
                    "type": "string",
                    "index": "not_analyzed",
                    "ignore_above": 256
                  }
                }
              },
              "equipmentId": {
                "type": "long"
              },
              "fieldName": {
                "type": "string",
                "norms": {
                  "enabled": false
                },
                "fields": {
                  "raw": {
                    "type": "string",
                    "index": "not_analyzed",
                    "ignore_above": 256
                  }
                }
              },
              "foremanName": {
                "type": "string",
                "norms": {
                  "enabled": false
                },
                "fields": {
                  "raw": {
                    "type": "string",
                    "index": "not_analyzed",
                    "ignore_above": 256
                  }
                }
              },
              "formationNm": {
                "type": "string",
                "norms": {
                  "enabled": false
                },
                "fields": {
                  "raw": {
                    "type": "string",
                    "index": "not_analyzed",
                    "ignore_above": 256
                  }
                }
              },
              "itemDesc": {
                "type": "string",
                "norms": {
                  "enabled": false
                },
                "fields": {
                  "raw": {
                    "type": "string",
                    "index": "not_analyzed",
                    "ignore_above": 256
                  }
                },
                "analyzer": "special_char_analyzer"
              },
              "itemId": {
                "type": "long"
              },
              "latitude": {
                "type": "double"
              },
              "latlong": {
                "type": "string",
                "norms": {
                  "enabled": false
                },
                "fields": {
                  "raw": {
                    "type": "string",
                    "index": "not_analyzed",
                    "ignore_above": 256
                  }
                }
              },
              "linkId": {
                "type": "long"
              },
              "longitude": {
                "type": "double"
              },
              "maxApicodNbr": {
                "type": "long"
              },
              "opStatusCd": {
                "type": "string",
                "norms": {
                  "enabled": false
                },
                "fields": {
                  "raw": {
                    "type": "string",
                    "index": "not_analyzed",
                    "ignore_above": 256
                  }
                }
              },
              "operatedFl": {
                "type": "string",
                "norms": {
                  "enabled": false
                },
                "fields": {
                  "raw": {
                    "type": "string",
                    "index": "not_analyzed",
                    "ignore_above": 256
                  }
                }
              },
              "operatorName": {
                "type": "string",
                "norms": {
                  "enabled": false
                },
                "fields": {
                  "raw": {
                    "type": "string",
                    "index": "not_analyzed",
                    "ignore_above": 256
                  }
                }
              },
              "originationType": {
                "type": "string",
                "norms": {
                  "enabled": false
                },
                "fields": {
                  "raw": {
                    "type": "string",
                    "index": "not_analyzed",
                    "ignore_above": 256
                  }
                }
              },
              "phaseName": {
                "type": "string",
                "norms": {
                  "enabled": false
                },
                "fields": {
                  "raw": {
                    "type": "string",
                    "index": "not_analyzed",
                    "ignore_above": 256
                  }
                }
              },
              "playId": {
                "type": "long"
              },
              "playName": {
                "type": "string",
                "norms": {
                  "enabled": false
                },
                "fields": {
                  "raw": {
                    "type": "string",
                    "index": "not_analyzed",
                    "ignore_above": 256
                  }
                }
              },
              "procountMerrickid": {
                "type": "long"
              },
              "productName": {
                "type": "string",
                "norms": {
                  "enabled": false
                },
                "fields": {
                  "raw": {
                    "type": "string",
                    "index": "not_analyzed",
                    "ignore_above": 256
                  }
                }
              },
              "propertyId": {
                "type": "string",
                "norms": {
                  "enabled": false
                },
                "fields": {
                  "raw": {
                    "type": "string",
                    "index": "not_analyzed",
                    "ignore_above": 256
                  }
                }
              },
              "propertyName": {
                "type": "string",
                "norms": {
                  "enabled": false
                },
                "fields": {
                  "raw": {
                    "type": "string",
                    "index": "not_analyzed",
                    "ignore_above": 256
                  }
                },
                "analyzer": "special_char_analyzer"
              },
              "propertyNumber": {
                "type": "long"
              },
              "propertySub": {
                "type": "string",
                "norms": {
                  "enabled": false
                },
                "fields": {
                  "raw": {
                    "type": "string",
                    "index": "not_analyzed",
                    "ignore_above": 256
                  }
                }
              },
              "propertyType": {
                "type": "string",
                "norms": {
                  "enabled": false
                },
                "fields": {
                  "raw": {
                    "type": "string",
                    "index": "not_analyzed",
                    "ignore_above": 256
                  }
                }
              },
              "rfId": {
                "type": "string"
              },
              "rigId": {
                "type": "long"
              },
              "rigName": {
                "type": "string",
                "norms": {
                  "enabled": false
                },
                "fields": {
                  "raw": {
                    "type": "string",
                    "index": "not_analyzed",
                    "ignore_above": 256
                  }
                }
              },
              "routeName": {
                "type": "string",
                "norms": {
                  "enabled": false
                },
                "fields": {
                  "raw": {
                    "type": "string",
                    "index": "not_analyzed",
                    "ignore_above": 256
                  }
                }
              },
              "serialNumber": {
                "type": "string",
                "norms": {
                  "enabled": false
                },
                "fields": {
                  "raw": {
                    "type": "string",
                    "index": "not_analyzed",
                    "ignore_above": 256
                  }
                }
              },
              "startDate": {
                "type": "date",
                "format": "strict_date_optional_time||epoch_millis"
              },
              "stateCd": {
                "type": "string",
                "norms": {
                  "enabled": false
                },
                "fields": {
                  "raw": {
                    "type": "string",
                    "index": "not_analyzed",
                    "ignore_above": 256
                  }
                }
              },
              "stateName": {
                "type": "string",
                "norms": {
                  "enabled": false
                },
                "fields": {
                  "raw": {
                    "type": "string",
                    "index": "not_analyzed",
                    "ignore_above": 256
                  }
                }
              },
              "stockNumber": {
                "type": "long",
                "copy_to": [
                  "stockNumberStr"
                ]
              },
              "stockNumberStr": {
                "type": "string",
                "index": "not_analyzed"
              },
              "subDivisionId": {
                "type": "long"
              },
              "subDivisionName": {
                "type": "string",
                "norms": {
                  "enabled": false
                },
                "fields": {
                  "raw": {
                    "type": "string",
                    "index": "not_analyzed",
                    "ignore_above": 256
                  }
                }
              },
              "subphaseName": {
                "type": "string",
                "norms": {
                  "enabled": false
                },
                "fields": {
                  "raw": {
                    "type": "string",
                    "index": "not_analyzed",
                    "ignore_above": 256
                  }
                }
              },
              "systemId": {
                "type": "long"
              },
              "systemName": {
                "type": "string",
                "norms": {
                  "enabled": false
                },
                "fields": {
                  "raw": {
                    "type": "string",
                    "index": "not_analyzed",
                    "ignore_above": 256
                  }
                }
              },
              "teamId": {
                "type": "long"
              },
              "teamName": {
                "type": "string",
                "norms": {
                  "enabled": false
                },
                "fields": {
                  "raw": {
                    "type": "string",
                    "index": "not_analyzed",
                    "ignore_above": 256
                  }
                }
              },
              "trend": {
                "type": "string",
                "norms": {
                  "enabled": false
                },
                "fields": {
                  "raw": {
                    "type": "string",
                    "index": "not_analyzed",
                    "ignore_above": 256
                  }
                }
              },
              "updateTs": {
                "type": "date",
                "format": "strict_date_optional_time||epoch_millis"
              },
              "updateUserId": {
                "type": "long"
              },
              "userName": {
                "type": "string",
                "norms": {
                  "enabled": false
                },
                "fields": {
                  "raw": {
                    "type": "string",
                    "index": "not_analyzed",
                    "ignore_above": 256
                  }
                }
              },
              "wellName": {
                "type": "string",
                "norms": {
                  "enabled": false
                },
                "fields": {
                  "raw": {
                    "type": "string",
                    "index": "not_analyzed",
                    "ignore_above": 256
                  }
                }
              }
            }
          },
          "sequence": {
            "type": "long"
          },
          "stockNumberStr": {
            "type": "long"
          },
          "timestamp": {
            "type": "date",
            "format": "strict_date_optional_time||epoch_millis"
          },
          "type": {
            "type": "long"
          }
        }
      }
}
