{
    "ipipe_asset_changes": {
        "dynamic_templates": [
          {
            "string_fields": {
              "mapping": {
                "type": "text",
                "fields": {
                  "raw": {
                    "type": "text"
                  }
                }
              },
              "match_mapping_type": "string",
              "match": "*"
            }
		}
		],
		"properties": {
		"updateTs": {
            "type": "date",
            "format": "strict_date_optional_time||epoch_millis"
          },
		 "pipeSegmentName": {
                "norms": {
                  "enabled": false
                },
                "type": "text",
                "fields": {
                  "raw": {
                    "type": "text"
                  }
                }
              },
			 "pipelineName": {
                "norms": {
                  "enabled": false
                },
                "type": "text",
                "fields": {
                  "raw": {
                    "type": "text"
                  }
                }
              }
		    }
			
		}
}


