{  
  "ifacility_value_list": {
        "dynamic_templates": [
          {
            "string_fields": {
              "mapping": {
                "index": "analyzed",
                "omit_norms": true,
                "type": "text",
                "fields": {
                  "raw": {
                    "ignore_above": 256,
                    "index": "not_analyzed",
                    "type": "text"
                  }
                }
              },
              "match": "*",
              "match_mapping_type": "string"
            }
          },
          {
            "string_fields": {
              "mapping": {
                "index": "no",
                "omit_norms": true
              },
              "path_match": "object.valueListEntires.*"
            }
          }
        ],
      "properties": {
        "timestamp": {
          "type": "date",
          "format": "strict_date_optional_time||epoch_millis"
        },
        "valueListEntries": {
          "properties": {
            "shortTextValue": {
              "type": "string"
            },
            "timestamp": {
              "type": "date",
              "format": "strict_date_optional_time||epoch_millis"
            },
            "valueListEntryId": {
              "type": "long"
            },
            "valueListId": {
              "type": "long"
            }
          }
        },
        "valueListId": {
          "type": "long"
        },
        "valueListName": {
          "type": "string"
        }
      }
      }
}
