{
     "mrt_fac_well_search_idx": {
                "properties": {
                    "key": {
                        "type": "text",
                        "fields": {
                            "keyword": {
                                "type": "keyword",
                                "ignore_above": 256
                            }
                        }
                    },
                    "pipeSegmentId": {
                        "type": "long"
                    },
                    "pipelineId":{
                        "type": "long"
                    },
                    "pipeSegmentName": {
                        "type": "text",
                        "fields": {
                            "keyword": {
                                "type": "keyword",
                                "ignore_above": 256
                            }
                        }
                    },
                    "pipelineName": {
                        "type": "text",
                        "fields": {
                            "keyword": {
                                "type": "keyword",
                                "ignore_above": 256
                            }
                        }
                    },
                    "divisionCode": {
                        "type": "text",
                        "fields": {
                            "keyword": {
                                "type": "keyword",
                                "ignore_above": 256
                            }
                        }
                    },
                    "divisionId": {
                        "type": "long"
                    },
                    "latitude": {
                        "type": "float"
                    },
                    "latlong": {
                        "type": "geo_point",
                        "fields": {
                            "keyword": {
                                "type": "keyword",
                                "ignore_above": 256
                            }
                        }
                    },
                    "longitude": {
                        "type": "float"
                    },
                    "primoPrprty": {
                        "type": "long"
                    },
                    "primoPrpsub": {
                        "type": "text",
                        "fields": {
                            "keyword": {
                                "type": "keyword",
                                "ignore_above": 256
                            }
                        }
                    },
                    "legName": {
                        "type": "text",
                        "fields": {
                            "keyword": {
                                "type": "keyword",
                                "ignore_above": 256
                            }
                        }
                    },
                    "updateTs": {
                        "type": "date"
                    }
                        }
                    }
                }
            }
}
