{
    "mrt_route_search_idx": {
                "properties": {
                    "activeFl": {
                        "type": "text",
                        "fields": {
                            "keyword": {
                                "type": "keyword",
                                "ignore_above": 256
                            }
                        }
                    },
                    "areaName": {
                        "type": "text",
                        "fields": {
                            "keyword": {
                                "type": "keyword",
                                "ignore_above": 256
                            }
                        }
                    },
                    "divisionCode": {
                        "type": "text",
                        "fields": {
                            "keyword": {
                                "type": "keyword",
                                "ignore_above": 256
                            }
                        }
                    },
                    "divisionId": {
                        "type": "long"
                    },
                    "divisionName": {
                        "type": "text",
                        "fields": {
                            "keyword": {
                                "type": "keyword",
                                "ignore_above": 256
                            }
                        }
                    },
                    "espCount": {
                        "type": "long"
                    },
                    "filterNodeId": {
                        "type": "long"
                    },
                    "filterNodeVal": {
                        "type": "text",
                        "fields": {
                            "keyword": {
                                "type": "keyword",
                                "ignore_above": 256
                            }
                        }
                    },
                    "flowingCount": {
                        "type": "long"
                    },
                    "foremanName": {
                        "type": "text",
                        "fields": {
                            "keyword": {
                                "type": "keyword",
                                "ignore_above": 256
                            }
                        }
                    },
                    "gasLiftCount": {
                        "type": "long"
                    },
                    "leadPumperId": {
                        "type": "long"
                    },
                    "leadPumperName": {
                        "type": "text",
                        "fields": {
                            "keyword": {
                                "type": "keyword",
                                "ignore_above": 256
                            }
                        }
                    },
                    "otherCount": {
                        "type": "long"
                    },
                    "plungerCount": {
                        "type": "long"
                    },
                    "rodPumpCount": {
                        "type": "long"
                    },
                    "routeId": {
                        "type": "long"
                    },
                    "routeName": {
                        "type": "text",
                        "fields": {
                            "keyword": {
                                "type": "keyword",
                                "ignore_above": 256
                            }
                        }
                    },
                    "ruleId": {
                        "type": "long"
                    },
                    "userId": {
                        "type": "long"
                    },
                    "unclearedAlertCount": {
                        "type": "long"
                    },
                    "scGasAccumYd": {
                        "type": "float"
                    },
                    "scOilAccumYd": {
                        "type": "float"
                    },
                    "scWtrAccumYd": {
                        "type": "float"
                    },
                    "shutinWellCount": {
                        "type": "long"
                    },
                    "updateTs": {
                        "type": "date"
                    },
                    "userName": {
                        "type": "text",
                        "fields": {
                            "keyword": {
                                "type": "keyword",
                                "ignore_above": 256
                            }
                        }
                    },
                    "wellCount": {
                        "type": "long"
                    },
                    "workerTitle": {
                        "type": "text",
                        "fields": {
                            "keyword": {
                                "type": "keyword",
                                "ignore_above": 256
                            }
                        }
                    }
        }
    }
}
