{
      "mrt_fac_well_search_idx": {
        "properties": {
          "alertCount": {
            "type": "long"
          },
          "allocVolSource": {
            "type": "text",
            "fields": {
              "keyword": {
                "type": "keyword",
                "ignore_above": 256
              }
            }
          },
          "divisionCode": {
            "type": "text",
            "fields": {
              "keyword": {
                "type": "keyword",
                "ignore_above": 256
              }
            }
          },
          "divisionId": {
            "type": "long"
          },
          "facilityId": {
            "type": "long"
          },
          "facilityName": {
            "type": "text",
            "fields": {
              "keyword": {
                "type": "keyword",
                "ignore_above": 256
              }
            }
          },
          "foremanName": {
            "type": "text",
            "fields": {
              "keyword": {
                "type": "keyword",
                "ignore_above": 256
              }
            }
          },
          "inboxCount": {
            "type": "long"
          },
          "key": {
            "type": "text",
            "fields": {
              "keyword": {
                "type": "keyword",
                "ignore_above": 256
              }
            }
          },
          "latitude": {
            "type": "float"
          },
          "latlong": {
            "properties": {
              "latlong": {
            "type": "geo_point",
              }
            }
          },
          "longitude": {
            "type": "float"
          },
          "primoPrprty": {
            "type": "long"
          },
          "primoPrpsub": {
            "type": "text",
            "fields": {
              "keyword": {
                "type": "keyword",
                "ignore_above": 256
              }
            }
          },
          "prodVolSource": {
            "type": "text",
            "fields": {
              "keyword": {
                "type": "keyword",
                "ignore_above": 256
              }
            }
          },
          "propertyType": {
            "type": "text",
            "fields": {
              "keyword": {
                "type": "keyword",
                "ignore_above": 256
              }
            }
          },
          "routeId": {
            "type": "long"
          },
          "routeName": {
            "type": "text",
            "fields": {
              "keyword": {
                "type": "keyword",
                "ignore_above": 256
              }
            }
          },
          "scGrsGasPy": {
            "type": "float"
          },
          "scGrsOilPy": {
            "type": "float"
          },
          "scGrsWtrPy": {
            "type": "float"
          },
          "scLastFetchTs": {
            "type": "date"
          },
          "updateTs": {
            "type": "date"
          },
          "wgs84Longitude": {
            "type": "float"
          },
          "wgs84_latitude": {
            "type": "float"
          },
          "wgs84latlong": {
            "type": "geo_point",
            "fields": {
              "keyword": {
                "type": "keyword",
                "ignore_above": 256
              }
            }
          }
        }
      }
