{  
  "mrte_contact": {
        "dynamic_templates": [
          {
            "string_fields": {
              "mapping": {
                "index": "analyzed",
                "omit_norms": true,
                "type": "text",
                "fields": {
                  "raw": {
                    "ignore_above": 256,
                    "index": "not_analyzed",
                    "type": "text"
                  }
                }
              },
              "match": "*",
              "match_mapping_type": "string"
            }
          },
          {
            "string_fields": {
              "mapping": {
                "index": "no",
                "omit_norms": true
              },
              "path_match": "object.routeList.*"
            }
          }
        ],
      "properties": {
        "updateTs": {
          "type": "date",
          "format": "strict_date_optional_time||epoch_millis"
        },
        "createTs": {
          "type": "date",
          "format": "strict_date_optional_time||epoch_millis"
        },
        "routeList": {
          "properties": {
            "routeId": {
              "type": "long"
            },
            "userStatus": {
              "type": "string"
            }
          }
        },
        "contactId": {
          "type": "long"
        },
        "firstName": {
          "type": "string"
        },
        "lastName": {
          "type": "string"
        },
        "nickName": {
          "type": "string"
        },
        "phoneNbrWork": {
          "type": "long"
        },
        "phoneNbrHome": {
          "type": "long"
        },
        "phoneNbrMobile": {
          "type": "long"
        },
        "phoneNbrOther": {
          "type": "long"
        },		
        "phoneNbrOther": {
          "type": "long"
        },	
        "faxNbrWork": {
          "type": "long"
        },	
       "faxNbrHome": {
          "type": "long"
        },	
       "pagerNbr": {
          "type": "long"
        },	
		"emailAddressWork": {
          "type": "string"
        },
		"emailAddressHome": {
          "type": "string"
        },	
		"emailAddressOther": {
          "type": "string"
        },
		"networkId": {
          "type": "string"
        },
		"workerId": {
          "type": "long"
        },
		"eogUserId": {
          "type": "long"
        },	
		"jobTitle": {
          "type": "sring"
        },	
		"mgrContactId": {
          "type": "int"
        },	
		"officeLocation": {
          "type": "string"
        },	
		"divisionId": {
          "type": "int"
        },	
		"vendorFl": {
          "type": "string"
        },		
		"vendorName": {
          "type": "string"
        },	
		"profileImageUrl": {
          "type": "string"
        },	
		"comments": {
          "type": "string"
        },	
		"onCallFl": {
          "type": "string"
        },			
		"routeId": {
          "type": "long"
        }		
      }
      }
}
