{
     "mrt_fac_well_search_idx": {
                "properties": {
                    "alertCount": {
                        "type": "long"
                    },
                    "allocVolSource": {
                        "type": "text",
                        "fields": {
                            "keyword": {
                                "type": "keyword",
                                "ignore_above": 256
                            }
                        }
                    },
                    "key": {
                        "type": "text",
                        "fields": {
                            "keyword": {
                                "type": "keyword",
                                "ignore_above": 256
                            }
                        }
                    },
                    "automationFl": {
                        "type": "text",
                        "fields": {
                            "keyword": {
                                "type": "keyword",
                                "ignore_above": 256
                            }
                        }
                    },
                    "avg7dGasProd": {
                        "type": "float"
                    },
                    "avg7dOilProd": {
                        "type": "float"
                    },
                    "avg7dWaterProd": {
                        "type": "float"
                    },
                    "bhPressure": {
                        "type": "float"
                    },
                    "casingPressure": {
                        "type": "float"
                    },
                    "casingPressureFl": {
                        "type": "text",
                        "fields": {
                            "keyword": {
                                "type": "keyword",
                                "ignore_above": 256
                            }
                        }
                    },
                    "commentCount": {
                        "type": "long"
                    },
                    "completionId": {
                        "type": "long"
                    },
                    "completionName": {
                        "type": "text",
                        "fields": {
                            "keyword": {
                                "type": "keyword",
                                "ignore_above": 256
                            }
                        }
                    },
                    "cygnetDataset": {
                        "type": "text",
                        "fields": {
                            "keyword": {
                                "type": "keyword",
                                "ignore_above": 256
                            }
                        }
                    },
                    "cygnetWellKey": {
                        "type": "text",
                        "fields": {
                            "keyword": {
                                "type": "keyword",
                                "ignore_above": 256
                            }
                        }
                    },
                    "daysSinceDown": {
                        "type": "long"
                    },
                    "divisionCode": {
                        "type": "text",
                        "fields": {
                            "keyword": {
                                "type": "keyword",
                                "ignore_above": 256
                            }
                        }
                    },
                    "divisionId": {
                        "type": "long"
                    },
                    "facilityId": {
                        "type": "long"
                    },
                    "firstProdDate": {
                        "type": "date"
                    },
                    "flareDuration": {
                        "type": "float"
                    },
                    "flareFl": {
                        "type": "text",
                        "fields": {
                            "keyword": {
                                "type": "keyword",
                                "ignore_above": 256
                            }
                        }
                    },
                    "flareVolume": {
                        "type": "float"
                    },
                    "foremanName": {
                        "type": "text",
                        "fields": {
                            "keyword": {
                                "type": "keyword",
                                "ignore_above": 256
                            }
                        }
                    },
                    "gasFl": {
                        "type": "text",
                        "fields": {
                            "keyword": {
                                "type": "keyword",
                                "ignore_above": 256
                            }
                        }
                    },
                    "grsGasProd": {
                        "type": "float"
                    },
                    "grsOilProd": {
                        "type": "float"
                    },
                    "grsWtrProd": {
                        "type": "long"
                    },
                    "lastDownReason": {
                        "type": "text",
                        "fields": {
                            "keyword": {
                                "type": "keyword",
                                "ignore_above": 256
                            }
                        }
                    },
                    "lastProdDate": {
                        "type": "date"
                    },
                    "latitude": {
                        "type": "float"
                    },
                    "latlong": {
                        "type": "geo_point",
                        "fields": {
                            "keyword": {
                                "type": "keyword",
                                "ignore_above": 256
                            }
                        }
                    },
                    "linePressureFl": {
                        "type": "text",
                        "fields": {
                            "keyword": {
                                "type": "keyword",
                                "ignore_above": 256
                            }
                        }
                    },
                    "longitude": {
                        "type": "float"
                    },
                    "oilFl": {
                        "type": "text",
                        "fields": {
                            "keyword": {
                                "type": "keyword",
                                "ignore_above": 256
                            }
                        }
                    },
                    "phaseName": {
                        "type": "text",
                        "fields": {
                            "keyword": {
                                "type": "keyword",
                                "ignore_above": 256
                            }
                        }
                    },
                    "primoApicod": {
                        "type": "text",
                        "fields": {
                            "keyword": {
                                "type": "keyword",
                                "ignore_above": 256
                            }
                        }
                    },
                    "primoPrprty": {
                        "type": "long"
                    },
                    "primoPrpsub": {
                        "type": "text",
                        "fields": {
                            "keyword": {
                                "type": "keyword",
                                "ignore_above": 256
                            }
                        }
                    },
                    "prodMethodName": {
                        "type": "text",
                        "fields": {
                            "keyword": {
                                "type": "keyword",
                                "ignore_above": 256
                            }
                        }
                    },
                    "prodVolSource": {
                        "type": "text",
                        "fields": {
                            "keyword": {
                                "type": "keyword",
                                "ignore_above": 256
                            }
                        }
                    },
                    "routeId": {
                        "type": "long"
                    },
                    "routeName": {
                        "type": "text",
                        "fields": {
                            "keyword": {
                                "type": "keyword",
                                "ignore_above": 256
                            }
                        }
                    },
                    "scLastFetchTs": {
                        "type": "date"
                    },
                    "sortOrder": {
                        "type": "long"
                    },
                    "staticPressure": {
                        "type": "float"
                    },
                    "subphaseName": {
                        "type": "text",
                        "fields": {
                            "keyword": {
                                "type": "keyword",
                                "ignore_above": 256
                            }
                        }
                    },
                    "taskCount": {
                        "type": "long"
                    },
                    "tubingPressure": {
                        "type": "float"
                    },
                    "tubingPressureFl": {
                        "type": "text",
                        "fields": {
                            "keyword": {
                                "type": "keyword",
                                "ignore_above": 256
                            }
                        }
                    },
                    "updateTs": {
                        "type": "date"
                    },
                    "waterFl": {
                        "type": "text",
                        "fields": {
                            "keyword": {
                                "type": "keyword",
                                "ignore_above": 256
                            }
                        }
                    },
                    "xspocDataset": {
                        "type": "text",
                        "fields": {
                            "keyword": {
                                "type": "keyword",
                                "ignore_above": 256
                            }
                        }
                    },
                    "xspocNodeId": {
                        "type": "text",
                        "fields": {
                            "keyword": {
                                "type": "keyword",
                                "ignore_above": 256
                            }
                        }
                    },
                    "xspocWellKey": {
                        "type": "text",
                        "fields": {
                            "keyword": {
                                "type": "keyword",
                                "ignore_above": 256
                            }
                        }
                    }
                }
            }
}
