{
    "ifac_pipeline_segment": {
        "dynamic_templates": [
          {
            "string_fields": {
              "mapping": {
                "type": "text",
                "fields": {
                  "raw": {
                    "ignore_above": 256,
                    "type": "keyword"
                  }
                }
              },
              "match": "*",
              "match_mapping_type": "string"
    }
},
{
            "string_fields": {
              "mapping": {
                "index": "no",
                "omit_norms": true
              },
              "path_match": "object.attributes.*"
            }
}
],
"properties":{
   "minLatLong": {
            "type": "geo_point"
          },
    "maxLatLong": {
            "type": "geo_point"
          },
    "midLatLong": {
            "type": "geo_point"
          }
   }
 }
}

